-- phpMyAdmin SQL Dump
-- version 4.9.5deb2
-- https://www.phpmyadmin.net/
--
-- Hôte : localhost:3306
-- Généré le : lun. 23 nov. 2020 à 11:08
-- Version du serveur :  8.0.22-0ubuntu0.20.04.2
-- Version de PHP : 7.4.3

SET SQL_MODE = "NO_AUTO_VALUE_ON_ZERO";
SET AUTOCOMMIT = 0;
START TRANSACTION;
SET time_zone = "+00:00";


/*!40101 SET @OLD_CHARACTER_SET_CLIENT=@@CHARACTER_SET_CLIENT */;
/*!40101 SET @OLD_CHARACTER_SET_RESULTS=@@CHARACTER_SET_RESULTS */;
/*!40101 SET @OLD_COLLATION_CONNECTION=@@COLLATION_CONNECTION */;
/*!40101 SET NAMES utf8mb4 */;

--
-- Base de données : `workshop`
--

-- --------------------------------------------------------

--
-- Structure de la table `failed_jobs`
--

CREATE TABLE `failed_jobs` (
  `id` bigint UNSIGNED NOT NULL,
  `uuid` varchar(255) COLLATE utf8mb4_unicode_ci NOT NULL,
  `connection` text COLLATE utf8mb4_unicode_ci NOT NULL,
  `queue` text COLLATE utf8mb4_unicode_ci NOT NULL,
  `payload` longtext COLLATE utf8mb4_unicode_ci NOT NULL,
  `exception` longtext COLLATE utf8mb4_unicode_ci NOT NULL,
  `failed_at` timestamp NOT NULL DEFAULT CURRENT_TIMESTAMP
) ENGINE=InnoDB DEFAULT CHARSET=utf8mb4 COLLATE=utf8mb4_unicode_ci;

-- --------------------------------------------------------

--
-- Structure de la table `migrations`
--

CREATE TABLE `migrations` (
  `id` int UNSIGNED NOT NULL,
  `migration` varchar(255) COLLATE utf8mb4_unicode_ci NOT NULL,
  `batch` int NOT NULL
) ENGINE=InnoDB DEFAULT CHARSET=utf8mb4 COLLATE=utf8mb4_unicode_ci;

--
-- Déchargement des données de la table `migrations`
--

INSERT INTO `migrations` (`id`, `migration`, `batch`) VALUES
(1, '2014_10_12_000000_create_users_table', 1),
(2, '2014_10_12_100000_create_password_resets_table', 1),
(3, '2014_10_12_200000_add_two_factor_columns_to_users_table', 1),
(4, '2019_08_19_000000_create_failed_jobs_table', 1),
(5, '2019_12_14_000001_create_personal_access_tokens_table', 1),
(6, '2020_11_20_134044_create_sessions_table', 1),
(7, '2020_11_20_134954_create_topics_table', 2);

-- --------------------------------------------------------

--
-- Structure de la table `password_resets`
--

CREATE TABLE `password_resets` (
  `email` varchar(255) COLLATE utf8mb4_unicode_ci NOT NULL,
  `token` varchar(255) COLLATE utf8mb4_unicode_ci NOT NULL,
  `created_at` timestamp NULL DEFAULT NULL
) ENGINE=InnoDB DEFAULT CHARSET=utf8mb4 COLLATE=utf8mb4_unicode_ci;

-- --------------------------------------------------------

--
-- Structure de la table `personal_access_tokens`
--

CREATE TABLE `personal_access_tokens` (
  `id` bigint UNSIGNED NOT NULL,
  `tokenable_type` varchar(255) COLLATE utf8mb4_unicode_ci NOT NULL,
  `tokenable_id` bigint UNSIGNED NOT NULL,
  `name` varchar(255) COLLATE utf8mb4_unicode_ci NOT NULL,
  `token` varchar(64) COLLATE utf8mb4_unicode_ci NOT NULL,
  `abilities` text COLLATE utf8mb4_unicode_ci,
  `last_used_at` timestamp NULL DEFAULT NULL,
  `created_at` timestamp NULL DEFAULT NULL,
  `updated_at` timestamp NULL DEFAULT NULL
) ENGINE=InnoDB DEFAULT CHARSET=utf8mb4 COLLATE=utf8mb4_unicode_ci;

-- --------------------------------------------------------

--
-- Structure de la table `sessions`
--

CREATE TABLE `sessions` (
  `id` varchar(255) COLLATE utf8mb4_unicode_ci NOT NULL,
  `user_id` bigint UNSIGNED DEFAULT NULL,
  `ip_address` varchar(45) COLLATE utf8mb4_unicode_ci DEFAULT NULL,
  `user_agent` text COLLATE utf8mb4_unicode_ci,
  `payload` text COLLATE utf8mb4_unicode_ci NOT NULL,
  `last_activity` int NOT NULL
) ENGINE=InnoDB DEFAULT CHARSET=utf8mb4 COLLATE=utf8mb4_unicode_ci;

--
-- Déchargement des données de la table `sessions`
--

INSERT INTO `sessions` (`id`, `user_id`, `ip_address`, `user_agent`, `payload`, `last_activity`) VALUES
('b9YVimAfJSrxZpr468aC8fWx0tHFnJL8sU6D6jjT', NULL, '127.0.0.1', 'Mozilla/5.0 (X11; Linux x86_64) AppleWebKit/537.36 (KHTML, like Gecko) Chrome/87.0.4280.66 Safari/537.36', 'YTozOntzOjY6Il90b2tlbiI7czo0MDoiR2VFOXRXbzBHMlFLelJQcFJhQkpvVnhFRUZaZDVkamdnV1ZnaEtoMSI7czo2OiJfZmxhc2giO2E6Mjp7czozOiJvbGQiO2E6MDp7fXM6MzoibmV3IjthOjA6e319czo5OiJfcHJldmlvdXMiO2E6MTp7czozOiJ1cmwiO3M6Mjc6Imh0dHA6Ly8xMjcuMC4wLjE6ODAwMC9sb2dpbiI7fX0=', 1605880140);

-- --------------------------------------------------------

--
-- Structure de la table `topics`
--

CREATE TABLE `topics` (
  `id` bigint UNSIGNED NOT NULL,
  `title` varchar(255) COLLATE utf8mb4_unicode_ci NOT NULL,
  `content` varchar(255) COLLATE utf8mb4_unicode_ci NOT NULL,
  `user_id` bigint UNSIGNED NOT NULL,
  `created_at` timestamp NULL DEFAULT NULL,
  `updated_at` timestamp NULL DEFAULT NULL
) ENGINE=InnoDB DEFAULT CHARSET=utf8mb4 COLLATE=utf8mb4_unicode_ci;

--
-- Déchargement des données de la table `topics`
--

INSERT INTO `topics` (`id`, `title`, `content`, `user_id`, `created_at`, `updated_at`) VALUES
(1, 'Iste sit sit autem beatae.', 'Earum ipsam culpa itaque explicabo. Nemo qui itaque fugit architecto est maxime. Voluptatum minima recusandae maiores molestiae. Incidunt voluptas delectus provident sunt ut facere.', 2, '2020-11-20 12:54:29', '2020-11-20 12:54:29'),
(2, 'Ducimus labore natus occaecati possimus dolor velit quia.', 'Consequatur sequi quis voluptatem voluptas et et. Qui ut quod quaerat eum. Nihil est vel corporis eum sint ducimus sunt illum.', 3, '2020-11-20 12:54:29', '2020-11-20 12:54:29'),
(3, 'Ipsum natus unde esse mollitia est sunt fugit.', 'Enim ratione nulla corporis sed ut nobis voluptatem. Laboriosam nam porro ratione est quas et. Et vero temporibus error libero nobis omnis repellat.', 4, '2020-11-20 12:54:29', '2020-11-20 12:54:29'),
(4, 'Distinctio earum quia vitae dignissimos omnis eos.', 'Sunt sunt optio omnis molestiae velit aut. Ipsa non alias sit voluptatem alias incidunt. Autem modi voluptas suscipit odit.', 5, '2020-11-20 12:54:29', '2020-11-20 12:54:29'),
(5, 'Earum error dicta sint.', 'Aperiam architecto reiciendis sunt et dicta. Distinctio tempore quidem molestiae beatae. Non laudantium facere qui repellat voluptas assumenda.', 6, '2020-11-20 12:54:29', '2020-11-20 12:54:29'),
(6, 'Dignissimos earum quod quisquam illo deleniti eum.', 'Odit distinctio quaerat enim doloremque quis. Est ut eos possimus beatae perferendis blanditiis. Pariatur nam sint inventore et.', 7, '2020-11-20 12:54:29', '2020-11-20 12:54:29'),
(7, 'Repudiandae repellendus beatae temporibus consectetur accusantium rem adipisci.', 'Eos voluptas laborum ut. Assumenda architecto aut sint qui consequatur omnis dolor. Sit quam iure sed consequatur molestias repellat eos aliquam. Eum voluptas asperiores illo est sint.', 8, '2020-11-20 12:54:29', '2020-11-20 12:54:29'),
(8, 'Id dolor aliquid dolorem ex.', 'Ut eaque aliquam delectus consectetur temporibus. Distinctio nihil facilis id. Et dolor magnam reiciendis itaque quo ipsum fuga tempore.', 9, '2020-11-20 12:54:29', '2020-11-20 12:54:29'),
(9, 'Aspernatur esse qui est itaque rem.', 'Perferendis illum est et mollitia. Est facere sunt unde et aperiam fugiat. Et facilis natus necessitatibus rerum ea et. Et vero quisquam ullam quas voluptatum recusandae numquam.', 10, '2020-11-20 12:54:30', '2020-11-20 12:54:30'),
(10, 'Temporibus ut neque ipsa accusantium.', 'Aut voluptate explicabo omnis fuga nemo voluptatibus debitis debitis. Vel aut qui asperiores nulla nemo libero magnam. Vero minima repellat officiis magni. Qui corrupti sed dignissimos et.', 11, '2020-11-20 12:54:30', '2020-11-20 12:54:30'),
(11, 'Dignissimos maxime ut et.', 'Amet quia accusamus modi quis magnam. Aut fuga sed earum et sint laborum. Placeat officiis ut autem vitae. Voluptates saepe quo alias. Beatae mollitia perspiciatis consequatur consequatur dolor.', 12, '2020-11-20 12:54:30', '2020-11-20 12:54:30'),
(12, 'Nam incidunt quia ratione pariatur odit soluta id.', 'Perspiciatis ad itaque velit at voluptas et. Neque placeat numquam necessitatibus impedit iure. Eius velit hic et itaque neque nemo nobis illum.', 13, '2020-11-20 12:54:30', '2020-11-20 12:54:30'),
(13, 'Porro sed labore repellat dolores inventore.', 'Error voluptatem et eaque laboriosam et voluptatem omnis. Temporibus itaque mollitia et occaecati voluptatem. Eligendi molestias consectetur cumque voluptatum.', 14, '2020-11-20 12:54:30', '2020-11-20 12:54:30'),
(14, 'In recusandae est quidem et corporis nihil accusamus.', 'Beatae id itaque reprehenderit quaerat ducimus accusamus. Expedita possimus reiciendis ad sit molestias aut. Perferendis odit sit molestiae voluptatem alias et aut.', 15, '2020-11-20 12:54:30', '2020-11-20 12:54:30'),
(15, 'Quidem voluptatem nihil dolorem adipisci.', 'Reiciendis omnis in consequatur atque at. Soluta quo aspernatur fuga pariatur dolores. Voluptatum nihil cum odio fuga.', 16, '2020-11-20 12:54:30', '2020-11-20 12:54:30'),
(16, 'Rerum autem cupiditate sed consequatur culpa architecto qui consequatur.', 'Placeat vero et ullam laudantium qui dolores sunt laborum. Nihil est corporis ratione vel odit quia qui ut. Eos eaque facere consectetur et.', 17, '2020-11-20 12:54:30', '2020-11-20 12:54:30'),
(17, 'Sed asperiores quidem nulla beatae sunt aut ipsum.', 'Accusantium quis quia nulla. Alias dolores est nemo omnis omnis. Aut quia molestiae aliquid nemo veritatis rem in. Repellendus dolores rerum et autem.', 18, '2020-11-20 12:54:30', '2020-11-20 12:54:30'),
(18, 'Sit adipisci asperiores est velit.', 'Laudantium nemo autem et accusantium dicta aut hic fugiat. Tenetur et velit dolorem vel nulla sed aperiam temporibus. Quo voluptates at aut animi.', 19, '2020-11-20 12:54:30', '2020-11-20 12:54:30'),
(19, 'Temporibus tenetur sed quia fugiat iusto aut.', 'Et provident inventore in facilis. Qui ratione sint eaque enim aliquam et exercitationem blanditiis. Voluptatem ea assumenda sed vitae recusandae fugiat. Enim tenetur optio rerum sed et officiis illum.', 20, '2020-11-20 12:54:30', '2020-11-20 12:54:30'),
(20, 'Et sunt distinctio consequatur dolor.', 'Ipsa ex aut dolores soluta dolor tempora. Id provident molestias soluta sequi. Nihil earum qui debitis deleniti voluptas explicabo quis odit.', 21, '2020-11-20 12:54:30', '2020-11-20 12:54:30'),
(21, 'Ut porro amet qui hic voluptate eveniet nobis.', 'Ipsa quis occaecati nihil error eaque. Dolorum suscipit ut quis quisquam sed. Non ut repellat nesciunt rem. Est consequatur sint in quod temporibus.', 22, '2020-11-20 12:54:30', '2020-11-20 12:54:30'),
(22, 'Voluptatum praesentium qui cumque saepe minima.', 'Ut eos sint quaerat velit iusto est dolore. Quasi dolorum quod provident ipsa tempore consequatur. Nihil quae aut optio vero. Aut voluptas odio ratione sunt eius dolore eius.', 23, '2020-11-20 12:54:30', '2020-11-20 12:54:30'),
(23, 'Aut et vero saepe in.', 'Nisi modi fugiat labore. Dolor itaque eaque praesentium vitae molestiae. Sapiente animi aliquid blanditiis consequuntur voluptates molestias et.', 24, '2020-11-20 12:54:30', '2020-11-20 12:54:30'),
(24, 'Ducimus eaque voluptatem illum soluta enim consectetur.', 'Provident tempora sint ducimus nobis porro porro fuga. Et voluptas non sint et. Ut cupiditate reiciendis amet eum molestias libero. Et saepe tempora eius quibusdam delectus dolores eum.', 25, '2020-11-20 12:54:30', '2020-11-20 12:54:30'),
(25, 'Voluptates in sed quaerat debitis qui.', 'Iure velit tempora aut eaque accusantium qui. Non molestiae rerum assumenda fugit eum consectetur asperiores. Nihil et aut voluptatem.', 26, '2020-11-20 12:54:30', '2020-11-20 12:54:30'),
(26, 'Inventore repudiandae molestias quo nesciunt.', 'Ea dolor non corporis error ratione omnis non. Et quaerat nemo dolor impedit aliquid aliquid. Officiis molestiae pariatur aliquid omnis incidunt qui omnis quis.', 27, '2020-11-20 12:54:30', '2020-11-20 12:54:30'),
(27, 'Et atque voluptatum qui qui.', 'Perspiciatis autem sunt at aspernatur eius. Voluptas atque tempore doloribus sit. Aut quia iste natus molestiae aliquam. Vel itaque adipisci ut eveniet est voluptate neque.', 28, '2020-11-20 12:54:30', '2020-11-20 12:54:30'),
(28, 'Dicta quia tempora repudiandae rem alias.', 'Tenetur nihil est quam qui possimus sed dolores. Ut consequatur minima ex illum non maiores sunt. Distinctio quisquam recusandae molestiae optio doloremque sed. Iure incidunt nulla et enim.', 29, '2020-11-20 12:54:30', '2020-11-20 12:54:30'),
(29, 'Voluptas a ex unde autem suscipit maiores et.', 'Velit aspernatur voluptas eius laboriosam voluptate. Porro quam ut eligendi et provident pariatur. Sequi eligendi voluptas aut repellat. Dolorem rem ut debitis qui id voluptas eum.', 30, '2020-11-20 12:54:30', '2020-11-20 12:54:30'),
(30, 'Autem consequatur nam ipsam aut possimus et voluptatibus.', 'Ipsam id perspiciatis hic optio. Dolore fugit quia doloribus esse. Quia est aut velit. Est inventore nobis magnam dolores magni quibusdam voluptatem.', 31, '2020-11-20 12:54:30', '2020-11-20 12:54:30'),
(31, 'Numquam reprehenderit perferendis et nemo doloremque magnam sit.', 'Sapiente harum et perspiciatis autem aut maxime. Aut eius nesciunt ea nulla fuga dicta harum. Aut nobis consectetur delectus dolores. Consequatur placeat repellat earum.', 32, '2020-11-20 12:54:30', '2020-11-20 12:54:30'),
(32, 'Modi dolorem velit rerum corrupti.', 'Voluptas voluptate eligendi modi ut. Et quia maiores minima veritatis dolore magni ratione. Laboriosam dolores quo nostrum praesentium enim adipisci. Est quibusdam nisi nihil totam.', 33, '2020-11-20 12:54:30', '2020-11-20 12:54:30'),
(33, 'Dignissimos perspiciatis et perspiciatis exercitationem ut necessitatibus ut tempore.', 'In ut voluptatem aut et quisquam sed. Minus quia quia qui velit recusandae. Doloremque molestiae occaecati quo minima sunt ipsa. Atque consequatur facere minima saepe esse molestiae earum. Totam eligendi in at laudantium dolorem.', 34, '2020-11-20 12:54:30', '2020-11-20 12:54:30'),
(34, 'Voluptas nisi nemo architecto optio vitae sed eius corrupti.', 'Excepturi a quos et hic. Officia ex nisi est ipsa. Ex rerum aspernatur eos vero eligendi minima quas impedit.', 35, '2020-11-20 12:54:30', '2020-11-20 12:54:30'),
(35, 'Voluptas quae nulla facere sunt et nihil.', 'Numquam numquam beatae aperiam totam alias harum alias. Aspernatur et quibusdam alias culpa earum ut. Sed sint sed tenetur. Similique quam sed vel deleniti ipsa.', 36, '2020-11-20 12:54:30', '2020-11-20 12:54:30'),
(36, 'Iste occaecati et sunt exercitationem sint.', 'Harum quidem nihil in consequatur qui voluptatem. Vel at vitae est animi. Id velit sed id. Occaecati accusantium officiis qui.', 52, '2020-11-20 12:55:37', '2020-11-20 12:55:37'),
(37, 'Omnis doloremque autem aut.', 'Quibusdam dolore repellendus quam dignissimos. Rerum porro ratione aut sed. Tempore fugiat aut illo autem quasi aperiam. Totam maiores deserunt maxime excepturi ducimus.', 53, '2020-11-20 12:55:37', '2020-11-20 12:55:37'),
(38, 'Quo est molestias esse iusto qui.', 'In alias adipisci nihil tempore. Officia quas molestias unde dolores quos.', 54, '2020-11-20 12:55:37', '2020-11-20 12:55:37'),
(39, 'Laudantium quaerat est praesentium cumque voluptatem reiciendis quas cupiditate.', 'Natus ut ipsam ut dolorem. Sed adipisci et est voluptate natus. Cumque pariatur eos consequatur molestiae atque.', 55, '2020-11-20 12:55:37', '2020-11-20 12:55:37'),
(40, 'Ad odio blanditiis non quas sit nesciunt.', 'Ullam labore velit illum odit omnis qui. Eaque unde corporis recusandae dolores totam. Consequatur nesciunt asperiores recusandae veritatis debitis. Ut nisi officia et hic reprehenderit.', 56, '2020-11-20 12:55:37', '2020-11-20 12:55:37'),
(41, 'Enim rerum ut recusandae voluptatem.', 'Beatae explicabo dolores est ut. Dolores facere dolor quia sed delectus. Cum ullam voluptate deleniti et consequatur. Velit mollitia consectetur iusto.', 57, '2020-11-20 12:55:37', '2020-11-20 12:55:37'),
(42, 'Velit consequuntur et dignissimos eos omnis.', 'Eius et unde dolores quo sed cupiditate ea. Aperiam rerum rem omnis atque autem accusantium ut. Quia sit hic alias velit tenetur officia. Ullam autem qui deleniti autem earum doloremque alias fuga.', 58, '2020-11-20 12:55:37', '2020-11-20 12:55:37'),
(43, 'Dolore modi itaque et qui.', 'Qui unde dolores quibusdam pariatur. Natus repellat et incidunt non corporis dolorum vitae veniam. Porro quis dolores eius voluptates exercitationem fugiat provident. Optio iusto quibusdam nemo est.', 59, '2020-11-20 12:55:37', '2020-11-20 12:55:37'),
(44, 'Repellat sit temporibus similique dolorem nisi consectetur corrupti tenetur.', 'Accusamus voluptatum aut velit sit vero labore autem. Perferendis velit commodi molestiae enim non quas consequatur. Numquam quibusdam asperiores omnis voluptates enim et autem.', 60, '2020-11-20 12:55:37', '2020-11-20 12:55:37'),
(45, 'Veniam aut repudiandae explicabo a.', 'Provident libero velit qui eligendi enim tenetur. Non labore ut qui et repellat aperiam dolores. Corrupti rerum illo soluta sed vel et possimus.', 61, '2020-11-20 12:55:37', '2020-11-20 12:55:37'),
(46, 'Eos dolorem facere alias non nihil ipsum velit repudiandae.', 'Quibusdam rem quo rerum sed ipsum veniam. Quisquam natus quis distinctio dolore. Animi blanditiis nulla a. Aut est et rerum facilis odio et dolor.', 62, '2020-11-20 12:55:37', '2020-11-20 12:55:37');

-- --------------------------------------------------------

--
-- Structure de la table `users`
--

CREATE TABLE `users` (
  `id` bigint UNSIGNED NOT NULL,
  `name` varchar(255) COLLATE utf8mb4_unicode_ci NOT NULL,
  `email` varchar(255) COLLATE utf8mb4_unicode_ci NOT NULL,
  `email_verified_at` timestamp NULL DEFAULT NULL,
  `password` varchar(255) COLLATE utf8mb4_unicode_ci NOT NULL,
  `two_factor_secret` text COLLATE utf8mb4_unicode_ci,
  `two_factor_recovery_codes` text COLLATE utf8mb4_unicode_ci,
  `remember_token` varchar(100) COLLATE utf8mb4_unicode_ci DEFAULT NULL,
  `current_team_id` bigint UNSIGNED DEFAULT NULL,
  `profile_photo_path` text COLLATE utf8mb4_unicode_ci,
  `created_at` timestamp NULL DEFAULT NULL,
  `updated_at` timestamp NULL DEFAULT NULL
) ENGINE=InnoDB DEFAULT CHARSET=utf8mb4 COLLATE=utf8mb4_unicode_ci;

--
-- Déchargement des données de la table `users`
--

INSERT INTO `users` (`id`, `name`, `email`, `email_verified_at`, `password`, `two_factor_secret`, `two_factor_recovery_codes`, `remember_token`, `current_team_id`, `profile_photo_path`, `created_at`, `updated_at`) VALUES
(2, 'Maurine Ortiz', 'guido43@example.com', '2020-11-20 12:54:29', '$2y$10$92IXUNpkjO0rOQ5byMi.Ye4oKoEa3Ro9llC/.og/at2.uheWG/igi', NULL, NULL, 'jbeUvPMLcM', NULL, NULL, '2020-11-20 12:54:29', '2020-11-20 12:54:29'),
(3, 'Salvador Adams', 'daren.corwin@example.net', '2020-11-20 12:54:29', '$2y$10$92IXUNpkjO0rOQ5byMi.Ye4oKoEa3Ro9llC/.og/at2.uheWG/igi', NULL, NULL, 'hROYwA9v12', NULL, NULL, '2020-11-20 12:54:29', '2020-11-20 12:54:29'),
(4, 'Prof. Ari Collier I', 'hailee59@example.org', '2020-11-20 12:54:29', '$2y$10$92IXUNpkjO0rOQ5byMi.Ye4oKoEa3Ro9llC/.og/at2.uheWG/igi', NULL, NULL, 'f3O0feE7DS', NULL, NULL, '2020-11-20 12:54:29', '2020-11-20 12:54:29'),
(5, 'Dr. Sally Luettgen', 'koelpin.era@example.net', '2020-11-20 12:54:29', '$2y$10$92IXUNpkjO0rOQ5byMi.Ye4oKoEa3Ro9llC/.og/at2.uheWG/igi', NULL, NULL, 'foDA0Rbla3', NULL, NULL, '2020-11-20 12:54:29', '2020-11-20 12:54:29'),
(6, 'Prof. Hortense Jenkins', 'dillon.steuber@example.org', '2020-11-20 12:54:29', '$2y$10$92IXUNpkjO0rOQ5byMi.Ye4oKoEa3Ro9llC/.og/at2.uheWG/igi', NULL, NULL, 'A6TGffNcy3', NULL, NULL, '2020-11-20 12:54:29', '2020-11-20 12:54:29'),
(7, 'Tremaine Boyer V', 'schuppe.mia@example.net', '2020-11-20 12:54:29', '$2y$10$92IXUNpkjO0rOQ5byMi.Ye4oKoEa3Ro9llC/.og/at2.uheWG/igi', NULL, NULL, 'PpCUZSTeQK', NULL, NULL, '2020-11-20 12:54:29', '2020-11-20 12:54:29'),
(8, 'Ethelyn Hermiston', 'antone64@example.net', '2020-11-20 12:54:29', '$2y$10$92IXUNpkjO0rOQ5byMi.Ye4oKoEa3Ro9llC/.og/at2.uheWG/igi', NULL, NULL, 'rzTHnv5hG5', NULL, NULL, '2020-11-20 12:54:29', '2020-11-20 12:54:29'),
(9, 'Jeremie Hahn MD', 'alfred88@example.com', '2020-11-20 12:54:29', '$2y$10$92IXUNpkjO0rOQ5byMi.Ye4oKoEa3Ro9llC/.og/at2.uheWG/igi', NULL, NULL, 't8Gmvdrg2w', NULL, NULL, '2020-11-20 12:54:29', '2020-11-20 12:54:29'),
(10, 'Cole Sipes Jr.', 'jackeline92@example.org', '2020-11-20 12:54:29', '$2y$10$92IXUNpkjO0rOQ5byMi.Ye4oKoEa3Ro9llC/.og/at2.uheWG/igi', NULL, NULL, 'HiNAA4TQ0a', NULL, NULL, '2020-11-20 12:54:29', '2020-11-20 12:54:29'),
(11, 'Prof. Calista Turner MD', 'weber.emmett@example.org', '2020-11-20 12:54:29', '$2y$10$92IXUNpkjO0rOQ5byMi.Ye4oKoEa3Ro9llC/.og/at2.uheWG/igi', NULL, NULL, 'xx3IoxmD5l', NULL, NULL, '2020-11-20 12:54:29', '2020-11-20 12:54:29'),
(12, 'Joshuah Koss', 'naomie49@example.net', '2020-11-20 12:54:29', '$2y$10$92IXUNpkjO0rOQ5byMi.Ye4oKoEa3Ro9llC/.og/at2.uheWG/igi', NULL, NULL, 'hFQZlQnfYX', NULL, NULL, '2020-11-20 12:54:29', '2020-11-20 12:54:29'),
(13, 'Kim Hagenes', 'druecker@example.net', '2020-11-20 12:54:29', '$2y$10$92IXUNpkjO0rOQ5byMi.Ye4oKoEa3Ro9llC/.og/at2.uheWG/igi', NULL, NULL, '2TIx7OxtF0', NULL, NULL, '2020-11-20 12:54:29', '2020-11-20 12:54:29'),
(14, 'Allene Auer', 'eugenia02@example.org', '2020-11-20 12:54:29', '$2y$10$92IXUNpkjO0rOQ5byMi.Ye4oKoEa3Ro9llC/.og/at2.uheWG/igi', NULL, NULL, 'izR7hu6L6b', NULL, NULL, '2020-11-20 12:54:29', '2020-11-20 12:54:29'),
(15, 'Hulda Hackett DDS', 'cullen77@example.org', '2020-11-20 12:54:29', '$2y$10$92IXUNpkjO0rOQ5byMi.Ye4oKoEa3Ro9llC/.og/at2.uheWG/igi', NULL, NULL, 'ABV7eaXYaF', NULL, NULL, '2020-11-20 12:54:29', '2020-11-20 12:54:29'),
(16, 'Alysa Bahringer', 'kihn.jessica@example.org', '2020-11-20 12:54:29', '$2y$10$92IXUNpkjO0rOQ5byMi.Ye4oKoEa3Ro9llC/.og/at2.uheWG/igi', NULL, NULL, 'MKAVZnz33s', NULL, NULL, '2020-11-20 12:54:29', '2020-11-20 12:54:29'),
(17, 'Mr. Jaiden Murray I', 'rebecca.west@example.net', '2020-11-20 12:54:29', '$2y$10$92IXUNpkjO0rOQ5byMi.Ye4oKoEa3Ro9llC/.og/at2.uheWG/igi', NULL, NULL, 'djiE0EiD1j', NULL, NULL, '2020-11-20 12:54:29', '2020-11-20 12:54:29'),
(18, 'Mr. Cletus Schamberger III', 'salvatore.gleichner@example.org', '2020-11-20 12:54:29', '$2y$10$92IXUNpkjO0rOQ5byMi.Ye4oKoEa3Ro9llC/.og/at2.uheWG/igi', NULL, NULL, 'n7CDXqMUm7', NULL, NULL, '2020-11-20 12:54:29', '2020-11-20 12:54:29'),
(19, 'Dr. Jamel Schultz I', 'tyra46@example.com', '2020-11-20 12:54:29', '$2y$10$92IXUNpkjO0rOQ5byMi.Ye4oKoEa3Ro9llC/.og/at2.uheWG/igi', NULL, NULL, 'bhcEJrYHwR', NULL, NULL, '2020-11-20 12:54:29', '2020-11-20 12:54:29'),
(20, 'Lawson Boehm', 'pweimann@example.org', '2020-11-20 12:54:29', '$2y$10$92IXUNpkjO0rOQ5byMi.Ye4oKoEa3Ro9llC/.og/at2.uheWG/igi', NULL, NULL, 'qey3QcVzJo', NULL, NULL, '2020-11-20 12:54:29', '2020-11-20 12:54:29'),
(21, 'Dortha Lehner IV', 'ntrantow@example.org', '2020-11-20 12:54:29', '$2y$10$92IXUNpkjO0rOQ5byMi.Ye4oKoEa3Ro9llC/.og/at2.uheWG/igi', NULL, NULL, 'kaaVrqjCAW', NULL, NULL, '2020-11-20 12:54:29', '2020-11-20 12:54:29'),
(22, 'Monty Christiansen', 'treutel.herminia@example.org', '2020-11-20 12:54:29', '$2y$10$92IXUNpkjO0rOQ5byMi.Ye4oKoEa3Ro9llC/.og/at2.uheWG/igi', NULL, NULL, 'dM85szMWKC', NULL, NULL, '2020-11-20 12:54:29', '2020-11-20 12:54:29'),
(23, 'Jesus Howe Sr.', 'eichmann.alexzander@example.net', '2020-11-20 12:54:29', '$2y$10$92IXUNpkjO0rOQ5byMi.Ye4oKoEa3Ro9llC/.og/at2.uheWG/igi', NULL, NULL, 'LDV8fPQMlu', NULL, NULL, '2020-11-20 12:54:29', '2020-11-20 12:54:29'),
(24, 'Harry Kris', 'demarco79@example.org', '2020-11-20 12:54:29', '$2y$10$92IXUNpkjO0rOQ5byMi.Ye4oKoEa3Ro9llC/.og/at2.uheWG/igi', NULL, NULL, 'O39GqzOAwT', NULL, NULL, '2020-11-20 12:54:29', '2020-11-20 12:54:29'),
(25, 'Sherman Spencer', 'pattie66@example.org', '2020-11-20 12:54:29', '$2y$10$92IXUNpkjO0rOQ5byMi.Ye4oKoEa3Ro9llC/.og/at2.uheWG/igi', NULL, NULL, '4MsiJmP4Bp', NULL, NULL, '2020-11-20 12:54:29', '2020-11-20 12:54:29'),
(26, 'Jarret Funk', 'kunde.antone@example.net', '2020-11-20 12:54:29', '$2y$10$92IXUNpkjO0rOQ5byMi.Ye4oKoEa3Ro9llC/.og/at2.uheWG/igi', NULL, NULL, '7qn0Wjyxjn', NULL, NULL, '2020-11-20 12:54:29', '2020-11-20 12:54:29'),
(27, 'Arlene Aufderhar', 'bailey.jean@example.org', '2020-11-20 12:54:29', '$2y$10$92IXUNpkjO0rOQ5byMi.Ye4oKoEa3Ro9llC/.og/at2.uheWG/igi', NULL, NULL, 'k1Hx0y3XP0', NULL, NULL, '2020-11-20 12:54:29', '2020-11-20 12:54:29'),
(28, 'Miss Mallie Gutmann Sr.', 'okuneva.meagan@example.org', '2020-11-20 12:54:29', '$2y$10$92IXUNpkjO0rOQ5byMi.Ye4oKoEa3Ro9llC/.og/at2.uheWG/igi', NULL, NULL, '6bfASrqC6V', NULL, NULL, '2020-11-20 12:54:29', '2020-11-20 12:54:29'),
(29, 'Mr. Terrence Stark', 'kreilly@example.net', '2020-11-20 12:54:29', '$2y$10$92IXUNpkjO0rOQ5byMi.Ye4oKoEa3Ro9llC/.og/at2.uheWG/igi', NULL, NULL, 'MS9Jr9kMWL', NULL, NULL, '2020-11-20 12:54:29', '2020-11-20 12:54:29'),
(30, 'Dr. Jarvis Reynolds', 'gbogan@example.com', '2020-11-20 12:54:29', '$2y$10$92IXUNpkjO0rOQ5byMi.Ye4oKoEa3Ro9llC/.og/at2.uheWG/igi', NULL, NULL, 'LkH1C3rf3k', NULL, NULL, '2020-11-20 12:54:29', '2020-11-20 12:54:29'),
(31, 'Prof. Lula Hilpert DDS', 'ondricka.yolanda@example.org', '2020-11-20 12:54:29', '$2y$10$92IXUNpkjO0rOQ5byMi.Ye4oKoEa3Ro9llC/.og/at2.uheWG/igi', NULL, NULL, 'SPczquZZxy', NULL, NULL, '2020-11-20 12:54:29', '2020-11-20 12:54:29'),
(32, 'Mr. Hyman Funk', 'awolff@example.org', '2020-11-20 12:54:29', '$2y$10$92IXUNpkjO0rOQ5byMi.Ye4oKoEa3Ro9llC/.og/at2.uheWG/igi', NULL, NULL, '8OQdV7u7oQ', NULL, NULL, '2020-11-20 12:54:29', '2020-11-20 12:54:29'),
(33, 'Mrs. Thelma Wilkinson', 'whirthe@example.org', '2020-11-20 12:54:29', '$2y$10$92IXUNpkjO0rOQ5byMi.Ye4oKoEa3Ro9llC/.og/at2.uheWG/igi', NULL, NULL, '50YJ1b5axU', NULL, NULL, '2020-11-20 12:54:29', '2020-11-20 12:54:29'),
(34, 'Kelvin Walsh I', 'leanne35@example.net', '2020-11-20 12:54:29', '$2y$10$92IXUNpkjO0rOQ5byMi.Ye4oKoEa3Ro9llC/.og/at2.uheWG/igi', NULL, NULL, 'B4xiVyhDt3', NULL, NULL, '2020-11-20 12:54:29', '2020-11-20 12:54:29'),
(35, 'Jamarcus Hansen III', 'tcrona@example.com', '2020-11-20 12:54:29', '$2y$10$92IXUNpkjO0rOQ5byMi.Ye4oKoEa3Ro9llC/.og/at2.uheWG/igi', NULL, NULL, 'UVfnrVrss3', NULL, NULL, '2020-11-20 12:54:29', '2020-11-20 12:54:29'),
(36, 'Nona Ondricka', 'kuhic.sheridan@example.net', '2020-11-20 12:54:29', '$2y$10$92IXUNpkjO0rOQ5byMi.Ye4oKoEa3Ro9llC/.og/at2.uheWG/igi', NULL, NULL, 'uA9nhgnYb2', NULL, NULL, '2020-11-20 12:54:29', '2020-11-20 12:54:29'),
(37, 'Allie Thiel III', 'tyler.jerde@example.com', '2020-11-20 12:54:29', '$2y$10$92IXUNpkjO0rOQ5byMi.Ye4oKoEa3Ro9llC/.og/at2.uheWG/igi', NULL, NULL, 'MHAi2tnHuH', NULL, NULL, '2020-11-20 12:54:29', '2020-11-20 12:54:29'),
(38, 'Tanya Kozey', 'boehm.gerald@example.com', '2020-11-20 12:54:29', '$2y$10$92IXUNpkjO0rOQ5byMi.Ye4oKoEa3Ro9llC/.og/at2.uheWG/igi', NULL, NULL, 'g1d1U40V0S', NULL, NULL, '2020-11-20 12:54:29', '2020-11-20 12:54:29'),
(39, 'Ms. Thea Cormier III', 'viva28@example.net', '2020-11-20 12:54:29', '$2y$10$92IXUNpkjO0rOQ5byMi.Ye4oKoEa3Ro9llC/.og/at2.uheWG/igi', NULL, NULL, 'tvILWzJ2Ey', NULL, NULL, '2020-11-20 12:54:29', '2020-11-20 12:54:29'),
(40, 'Mr. Green Cronin MD', 'hegmann.humberto@example.com', '2020-11-20 12:54:29', '$2y$10$92IXUNpkjO0rOQ5byMi.Ye4oKoEa3Ro9llC/.og/at2.uheWG/igi', NULL, NULL, 'mAmdjyffr4', NULL, NULL, '2020-11-20 12:54:29', '2020-11-20 12:54:29'),
(41, 'Heaven Kuhn', 'lera.rath@example.com', '2020-11-20 12:54:29', '$2y$10$92IXUNpkjO0rOQ5byMi.Ye4oKoEa3Ro9llC/.og/at2.uheWG/igi', NULL, NULL, 'QlLVtEafiF', NULL, NULL, '2020-11-20 12:54:29', '2020-11-20 12:54:29'),
(42, 'Cole Johns I', 'lempi.cremin@example.org', '2020-11-20 12:54:29', '$2y$10$92IXUNpkjO0rOQ5byMi.Ye4oKoEa3Ro9llC/.og/at2.uheWG/igi', NULL, NULL, '79kyAsKwjU', NULL, NULL, '2020-11-20 12:54:29', '2020-11-20 12:54:29'),
(43, 'Mr. Ali Grimes', 'vmclaughlin@example.com', '2020-11-20 12:54:29', '$2y$10$92IXUNpkjO0rOQ5byMi.Ye4oKoEa3Ro9llC/.og/at2.uheWG/igi', NULL, NULL, 'U7DX4lBARx', NULL, NULL, '2020-11-20 12:54:29', '2020-11-20 12:54:29'),
(44, 'Mr. Irwin Ward', 'delores.kuhic@example.com', '2020-11-20 12:54:29', '$2y$10$92IXUNpkjO0rOQ5byMi.Ye4oKoEa3Ro9llC/.og/at2.uheWG/igi', NULL, NULL, '7QvZKyDKM7', NULL, NULL, '2020-11-20 12:54:29', '2020-11-20 12:54:29'),
(45, 'Elenora Schuppe', 'cathrine60@example.org', '2020-11-20 12:54:29', '$2y$10$92IXUNpkjO0rOQ5byMi.Ye4oKoEa3Ro9llC/.og/at2.uheWG/igi', NULL, NULL, 'cr4Xncujii', NULL, NULL, '2020-11-20 12:54:29', '2020-11-20 12:54:29'),
(46, 'Phoebe Roberts', 'yaltenwerth@example.org', '2020-11-20 12:54:29', '$2y$10$92IXUNpkjO0rOQ5byMi.Ye4oKoEa3Ro9llC/.og/at2.uheWG/igi', NULL, NULL, 'SLGoXcMcc8', NULL, NULL, '2020-11-20 12:54:29', '2020-11-20 12:54:29'),
(47, 'Timothy Toy I', 'myrtie35@example.net', '2020-11-20 12:54:29', '$2y$10$92IXUNpkjO0rOQ5byMi.Ye4oKoEa3Ro9llC/.og/at2.uheWG/igi', NULL, NULL, 'JPl6uA2nPJ', NULL, NULL, '2020-11-20 12:54:29', '2020-11-20 12:54:29'),
(48, 'Lila Baumbach', 'estell14@example.com', '2020-11-20 12:54:29', '$2y$10$92IXUNpkjO0rOQ5byMi.Ye4oKoEa3Ro9llC/.og/at2.uheWG/igi', NULL, NULL, 'ghDhdZQRfb', NULL, NULL, '2020-11-20 12:54:29', '2020-11-20 12:54:29'),
(49, 'Isaiah Friesen', 'norris.borer@example.com', '2020-11-20 12:54:29', '$2y$10$92IXUNpkjO0rOQ5byMi.Ye4oKoEa3Ro9llC/.og/at2.uheWG/igi', NULL, NULL, 'tnIWgeeOMe', NULL, NULL, '2020-11-20 12:54:29', '2020-11-20 12:54:29'),
(50, 'Nicola Johnston PhD', 'linda00@example.net', '2020-11-20 12:54:29', '$2y$10$92IXUNpkjO0rOQ5byMi.Ye4oKoEa3Ro9llC/.og/at2.uheWG/igi', NULL, NULL, 'ae33f2z6Jn', NULL, NULL, '2020-11-20 12:54:29', '2020-11-20 12:54:29'),
(51, 'Levi Abshire', 'swaniawski.christop@example.com', '2020-11-20 12:54:29', '$2y$10$92IXUNpkjO0rOQ5byMi.Ye4oKoEa3Ro9llC/.og/at2.uheWG/igi', NULL, NULL, 'Y7QTFDzr7Y', NULL, NULL, '2020-11-20 12:54:29', '2020-11-20 12:54:29'),
(52, 'Emiliano Ledner', 'shakira51@example.net', '2020-11-20 12:55:36', '$2y$10$92IXUNpkjO0rOQ5byMi.Ye4oKoEa3Ro9llC/.og/at2.uheWG/igi', NULL, NULL, 'Vsn7mqB5uW', NULL, NULL, '2020-11-20 12:55:37', '2020-11-20 12:55:37'),
(53, 'Micaela Auer', 'estrella.braun@example.org', '2020-11-20 12:55:37', '$2y$10$92IXUNpkjO0rOQ5byMi.Ye4oKoEa3Ro9llC/.og/at2.uheWG/igi', NULL, NULL, 'QAMMytvvFT', NULL, NULL, '2020-11-20 12:55:37', '2020-11-20 12:55:37'),
(54, 'Tremaine Marvin Sr.', 'trudie.torp@example.org', '2020-11-20 12:55:37', '$2y$10$92IXUNpkjO0rOQ5byMi.Ye4oKoEa3Ro9llC/.og/at2.uheWG/igi', NULL, NULL, 'Dw58bi43Wo', NULL, NULL, '2020-11-20 12:55:37', '2020-11-20 12:55:37'),
(55, 'Gladys Stokes I', 'uriel.waelchi@example.org', '2020-11-20 12:55:37', '$2y$10$92IXUNpkjO0rOQ5byMi.Ye4oKoEa3Ro9llC/.og/at2.uheWG/igi', NULL, NULL, 'hyvddZwcLM', NULL, NULL, '2020-11-20 12:55:37', '2020-11-20 12:55:37'),
(56, 'Adele Runolfsson', 'gspencer@example.net', '2020-11-20 12:55:37', '$2y$10$92IXUNpkjO0rOQ5byMi.Ye4oKoEa3Ro9llC/.og/at2.uheWG/igi', NULL, NULL, 'j1hSVvQlHj', NULL, NULL, '2020-11-20 12:55:37', '2020-11-20 12:55:37'),
(57, 'Darrion Padberg', 'santino89@example.com', '2020-11-20 12:55:37', '$2y$10$92IXUNpkjO0rOQ5byMi.Ye4oKoEa3Ro9llC/.og/at2.uheWG/igi', NULL, NULL, 'rPXBrhLlDl', NULL, NULL, '2020-11-20 12:55:37', '2020-11-20 12:55:37'),
(58, 'Juliana Hartmann', 'schaden.seamus@example.org', '2020-11-20 12:55:37', '$2y$10$92IXUNpkjO0rOQ5byMi.Ye4oKoEa3Ro9llC/.og/at2.uheWG/igi', NULL, NULL, 'Y0rxjRQdwZ', NULL, NULL, '2020-11-20 12:55:37', '2020-11-20 12:55:37'),
(59, 'Prof. Giuseppe Goodwin', 'constantin67@example.org', '2020-11-20 12:55:37', '$2y$10$92IXUNpkjO0rOQ5byMi.Ye4oKoEa3Ro9llC/.og/at2.uheWG/igi', NULL, NULL, 'rVk7dUws2W', NULL, NULL, '2020-11-20 12:55:37', '2020-11-20 12:55:37'),
(60, 'Tiara Lehner', 'camila.torphy@example.net', '2020-11-20 12:55:37', '$2y$10$92IXUNpkjO0rOQ5byMi.Ye4oKoEa3Ro9llC/.og/at2.uheWG/igi', NULL, NULL, 'jBTwSOyYtY', NULL, NULL, '2020-11-20 12:55:37', '2020-11-20 12:55:37'),
(61, 'Ignacio Rolfson', 'ybins@example.com', '2020-11-20 12:55:37', '$2y$10$92IXUNpkjO0rOQ5byMi.Ye4oKoEa3Ro9llC/.og/at2.uheWG/igi', NULL, NULL, 'fSwgGpCcgP', NULL, NULL, '2020-11-20 12:55:37', '2020-11-20 12:55:37'),
(62, 'Mark Torphy', 'tomasa56@example.org', '2020-11-20 12:55:37', '$2y$10$92IXUNpkjO0rOQ5byMi.Ye4oKoEa3Ro9llC/.og/at2.uheWG/igi', NULL, NULL, 'ZFD0hrmap6', NULL, NULL, '2020-11-20 12:55:37', '2020-11-20 12:55:37'),
(63, 'Dr. Fredrick Wolf', 'hagenes.lexie@example.org', '2020-11-20 12:55:37', '$2y$10$92IXUNpkjO0rOQ5byMi.Ye4oKoEa3Ro9llC/.og/at2.uheWG/igi', NULL, NULL, '1oLoadOn34', NULL, NULL, '2020-11-20 12:55:37', '2020-11-20 12:55:37'),
(64, 'Mr. Reed Zulauf', 'mertz.jalon@example.net', '2020-11-20 12:55:37', '$2y$10$92IXUNpkjO0rOQ5byMi.Ye4oKoEa3Ro9llC/.og/at2.uheWG/igi', NULL, NULL, 'iOPTUzvLGJ', NULL, NULL, '2020-11-20 12:55:37', '2020-11-20 12:55:37'),
(65, 'Mrs. Myrtice Skiles', 'wilford.baumbach@example.com', '2020-11-20 12:55:37', '$2y$10$92IXUNpkjO0rOQ5byMi.Ye4oKoEa3Ro9llC/.og/at2.uheWG/igi', NULL, NULL, 'ICOR3wIOue', NULL, NULL, '2020-11-20 12:55:37', '2020-11-20 12:55:37'),
(66, 'Cali Klocko', 'daniel.noah@example.org', '2020-11-20 12:55:37', '$2y$10$92IXUNpkjO0rOQ5byMi.Ye4oKoEa3Ro9llC/.og/at2.uheWG/igi', NULL, NULL, 'QOFydrr5Gr', NULL, NULL, '2020-11-20 12:55:37', '2020-11-20 12:55:37'),
(67, 'Adah Von', 'denesik.cole@example.org', '2020-11-20 12:55:37', '$2y$10$92IXUNpkjO0rOQ5byMi.Ye4oKoEa3Ro9llC/.og/at2.uheWG/igi', NULL, NULL, '5AoesI4KxP', NULL, NULL, '2020-11-20 12:55:37', '2020-11-20 12:55:37'),
(68, 'Freda Pouros', 'kariane21@example.com', '2020-11-20 12:55:37', '$2y$10$92IXUNpkjO0rOQ5byMi.Ye4oKoEa3Ro9llC/.og/at2.uheWG/igi', NULL, NULL, 'TVEe9aulR7', NULL, NULL, '2020-11-20 12:55:37', '2020-11-20 12:55:37'),
(69, 'Logan Murphy', 'sylvan.deckow@example.org', '2020-11-20 12:55:37', '$2y$10$92IXUNpkjO0rOQ5byMi.Ye4oKoEa3Ro9llC/.og/at2.uheWG/igi', NULL, NULL, '5e6TyYhsO2', NULL, NULL, '2020-11-20 12:55:37', '2020-11-20 12:55:37'),
(70, 'Annette Huels', 'reynold69@example.org', '2020-11-20 12:55:37', '$2y$10$92IXUNpkjO0rOQ5byMi.Ye4oKoEa3Ro9llC/.og/at2.uheWG/igi', NULL, NULL, '0pvXw9Gr9R', NULL, NULL, '2020-11-20 12:55:37', '2020-11-20 12:55:37'),
(71, 'Prof. Tabitha Spinka', 'lizzie97@example.net', '2020-11-20 12:55:37', '$2y$10$92IXUNpkjO0rOQ5byMi.Ye4oKoEa3Ro9llC/.og/at2.uheWG/igi', NULL, NULL, 'Povdi8nNva', NULL, NULL, '2020-11-20 12:55:37', '2020-11-20 12:55:37'),
(72, 'Ivah Ankunding', 'slakin@example.com', '2020-11-20 12:55:37', '$2y$10$92IXUNpkjO0rOQ5byMi.Ye4oKoEa3Ro9llC/.og/at2.uheWG/igi', NULL, NULL, 'uMaIBcbpT3', NULL, NULL, '2020-11-20 12:55:37', '2020-11-20 12:55:37'),
(73, 'Ms. Kylee McGlynn V', 'miller.tanya@example.com', '2020-11-20 12:55:37', '$2y$10$92IXUNpkjO0rOQ5byMi.Ye4oKoEa3Ro9llC/.og/at2.uheWG/igi', NULL, NULL, 'vBZ9zzFkvp', NULL, NULL, '2020-11-20 12:55:37', '2020-11-20 12:55:37'),
(74, 'Maryam Weber PhD', 'lurline84@example.org', '2020-11-20 12:55:37', '$2y$10$92IXUNpkjO0rOQ5byMi.Ye4oKoEa3Ro9llC/.og/at2.uheWG/igi', NULL, NULL, 'xzaB7WWVq6', NULL, NULL, '2020-11-20 12:55:37', '2020-11-20 12:55:37'),
(75, 'Prof. Emelie Krajcik', 'rheathcote@example.org', '2020-11-20 12:55:37', '$2y$10$92IXUNpkjO0rOQ5byMi.Ye4oKoEa3Ro9llC/.og/at2.uheWG/igi', NULL, NULL, 'N8grwhSNlc', NULL, NULL, '2020-11-20 12:55:37', '2020-11-20 12:55:37'),
(76, 'Rylee Keebler', 'osbaldo35@example.net', '2020-11-20 12:55:37', '$2y$10$92IXUNpkjO0rOQ5byMi.Ye4oKoEa3Ro9llC/.og/at2.uheWG/igi', NULL, NULL, 'uIAyoGwoEV', NULL, NULL, '2020-11-20 12:55:37', '2020-11-20 12:55:37'),
(77, 'Lee Stroman', 'joe90@example.org', '2020-11-20 12:55:37', '$2y$10$92IXUNpkjO0rOQ5byMi.Ye4oKoEa3Ro9llC/.og/at2.uheWG/igi', NULL, NULL, 'byMktYEDZp', NULL, NULL, '2020-11-20 12:55:37', '2020-11-20 12:55:37'),
(78, 'Bradford Kohler', 'stevie.cummerata@example.net', '2020-11-20 12:55:37', '$2y$10$92IXUNpkjO0rOQ5byMi.Ye4oKoEa3Ro9llC/.og/at2.uheWG/igi', NULL, NULL, 'KtwGS0w1V9', NULL, NULL, '2020-11-20 12:55:37', '2020-11-20 12:55:37'),
(79, 'Bessie Breitenberg', 'fdickens@example.net', '2020-11-20 12:55:37', '$2y$10$92IXUNpkjO0rOQ5byMi.Ye4oKoEa3Ro9llC/.og/at2.uheWG/igi', NULL, NULL, 'Ec0CGyaEhq', NULL, NULL, '2020-11-20 12:55:37', '2020-11-20 12:55:37'),
(80, 'Christa Mraz', 'zbalistreri@example.org', '2020-11-20 12:55:37', '$2y$10$92IXUNpkjO0rOQ5byMi.Ye4oKoEa3Ro9llC/.og/at2.uheWG/igi', NULL, NULL, 'WiOqSzspWq', NULL, NULL, '2020-11-20 12:55:37', '2020-11-20 12:55:37'),
(81, 'Dr. Orlando Hane', 'kieran88@example.com', '2020-11-20 12:55:37', '$2y$10$92IXUNpkjO0rOQ5byMi.Ye4oKoEa3Ro9llC/.og/at2.uheWG/igi', NULL, NULL, '5kB4xx2F0e', NULL, NULL, '2020-11-20 12:55:37', '2020-11-20 12:55:37'),
(82, 'Caitlyn Green', 'igerlach@example.com', '2020-11-20 12:55:37', '$2y$10$92IXUNpkjO0rOQ5byMi.Ye4oKoEa3Ro9llC/.og/at2.uheWG/igi', NULL, NULL, 'ECRvZ9wPKn', NULL, NULL, '2020-11-20 12:55:37', '2020-11-20 12:55:37'),
(83, 'Mrs. Maeve Rodriguez IV', 'stanton07@example.com', '2020-11-20 12:55:37', '$2y$10$92IXUNpkjO0rOQ5byMi.Ye4oKoEa3Ro9llC/.og/at2.uheWG/igi', NULL, NULL, 'QDj0Xpt4zz', NULL, NULL, '2020-11-20 12:55:37', '2020-11-20 12:55:37'),
(84, 'Randi Borer', 'eichmann.xavier@example.org', '2020-11-20 12:55:37', '$2y$10$92IXUNpkjO0rOQ5byMi.Ye4oKoEa3Ro9llC/.og/at2.uheWG/igi', NULL, NULL, 'Mb1UFndGF0', NULL, NULL, '2020-11-20 12:55:37', '2020-11-20 12:55:37'),
(85, 'Giovanny Price III', 'htremblay@example.net', '2020-11-20 12:55:37', '$2y$10$92IXUNpkjO0rOQ5byMi.Ye4oKoEa3Ro9llC/.og/at2.uheWG/igi', NULL, NULL, 'KjpHusJBh8', NULL, NULL, '2020-11-20 12:55:37', '2020-11-20 12:55:37'),
(86, 'Kendall Pagac', 'wade.franecki@example.org', '2020-11-20 12:55:37', '$2y$10$92IXUNpkjO0rOQ5byMi.Ye4oKoEa3Ro9llC/.og/at2.uheWG/igi', NULL, NULL, 'xdFIPK7sn8', NULL, NULL, '2020-11-20 12:55:37', '2020-11-20 12:55:37'),
(87, 'Mrs. Callie Anderson', 'kurt90@example.org', '2020-11-20 12:55:37', '$2y$10$92IXUNpkjO0rOQ5byMi.Ye4oKoEa3Ro9llC/.og/at2.uheWG/igi', NULL, NULL, 'YU9Km7OV19', NULL, NULL, '2020-11-20 12:55:37', '2020-11-20 12:55:37'),
(88, 'Kaia Bailey', 'hane.wyman@example.com', '2020-11-20 12:55:37', '$2y$10$92IXUNpkjO0rOQ5byMi.Ye4oKoEa3Ro9llC/.og/at2.uheWG/igi', NULL, NULL, 'XKqHJnnIAo', NULL, NULL, '2020-11-20 12:55:37', '2020-11-20 12:55:37'),
(89, 'Myah Powlowski', 'mraz.mabelle@example.org', '2020-11-20 12:55:37', '$2y$10$92IXUNpkjO0rOQ5byMi.Ye4oKoEa3Ro9llC/.og/at2.uheWG/igi', NULL, NULL, 'xPaFq78X3Z', NULL, NULL, '2020-11-20 12:55:37', '2020-11-20 12:55:37'),
(90, 'Maximo Hill', 'xvandervort@example.com', '2020-11-20 12:55:37', '$2y$10$92IXUNpkjO0rOQ5byMi.Ye4oKoEa3Ro9llC/.og/at2.uheWG/igi', NULL, NULL, 'sBBuZcG7YR', NULL, NULL, '2020-11-20 12:55:37', '2020-11-20 12:55:37'),
(91, 'Rodrigo Collins', 'walker.haley@example.org', '2020-11-20 12:55:37', '$2y$10$92IXUNpkjO0rOQ5byMi.Ye4oKoEa3Ro9llC/.og/at2.uheWG/igi', NULL, NULL, 'PQA6irhbBQ', NULL, NULL, '2020-11-20 12:55:37', '2020-11-20 12:55:37'),
(92, 'Waldo Johnson', 'sandrine36@example.com', '2020-11-20 12:55:37', '$2y$10$92IXUNpkjO0rOQ5byMi.Ye4oKoEa3Ro9llC/.og/at2.uheWG/igi', NULL, NULL, 'EWX6LQOuV5', NULL, NULL, '2020-11-20 12:55:37', '2020-11-20 12:55:37'),
(93, 'Judy Rosenbaum', 'lila.goldner@example.org', '2020-11-20 12:55:37', '$2y$10$92IXUNpkjO0rOQ5byMi.Ye4oKoEa3Ro9llC/.og/at2.uheWG/igi', NULL, NULL, 'pMMyCTUGh1', NULL, NULL, '2020-11-20 12:55:37', '2020-11-20 12:55:37'),
(94, 'Mr. Lyric Schaefer', 'zbalistreri@example.net', '2020-11-20 12:55:37', '$2y$10$92IXUNpkjO0rOQ5byMi.Ye4oKoEa3Ro9llC/.og/at2.uheWG/igi', NULL, NULL, 'GIj2jkkvUM', NULL, NULL, '2020-11-20 12:55:37', '2020-11-20 12:55:37'),
(95, 'Deontae Dach', 'damion.runolfsson@example.org', '2020-11-20 12:55:37', '$2y$10$92IXUNpkjO0rOQ5byMi.Ye4oKoEa3Ro9llC/.og/at2.uheWG/igi', NULL, NULL, 'DnStQdP5FX', NULL, NULL, '2020-11-20 12:55:37', '2020-11-20 12:55:37'),
(96, 'Prof. Mattie Heaney Sr.', 'jedediah86@example.org', '2020-11-20 12:55:37', '$2y$10$92IXUNpkjO0rOQ5byMi.Ye4oKoEa3Ro9llC/.og/at2.uheWG/igi', NULL, NULL, '7xvNRwStGz', NULL, NULL, '2020-11-20 12:55:37', '2020-11-20 12:55:37'),
(97, 'Mckenzie Nienow', 'alisa74@example.org', '2020-11-20 12:55:37', '$2y$10$92IXUNpkjO0rOQ5byMi.Ye4oKoEa3Ro9llC/.og/at2.uheWG/igi', NULL, NULL, 'SoiwY0IYEP', NULL, NULL, '2020-11-20 12:55:37', '2020-11-20 12:55:37'),
(98, 'Dallin Thompson', 'bergnaum.holly@example.org', '2020-11-20 12:55:37', '$2y$10$92IXUNpkjO0rOQ5byMi.Ye4oKoEa3Ro9llC/.og/at2.uheWG/igi', NULL, NULL, '5CiIo8hoGT', NULL, NULL, '2020-11-20 12:55:37', '2020-11-20 12:55:37'),
(99, 'Mr. Emerson Jacobi I', 'winston78@example.org', '2020-11-20 12:55:37', '$2y$10$92IXUNpkjO0rOQ5byMi.Ye4oKoEa3Ro9llC/.og/at2.uheWG/igi', NULL, NULL, '4nNx9fwi3X', NULL, NULL, '2020-11-20 12:55:37', '2020-11-20 12:55:37'),
(100, 'Mr. Griffin O\'Conner DDS', 'vemard@example.com', '2020-11-20 12:55:37', '$2y$10$92IXUNpkjO0rOQ5byMi.Ye4oKoEa3Ro9llC/.og/at2.uheWG/igi', NULL, NULL, 'VgjwCm3XJp', NULL, NULL, '2020-11-20 12:55:37', '2020-11-20 12:55:37'),
(101, 'Prof. Yasmeen Jakubowski', 'fred56@example.com', '2020-11-20 12:55:37', '$2y$10$92IXUNpkjO0rOQ5byMi.Ye4oKoEa3Ro9llC/.og/at2.uheWG/igi', NULL, NULL, 'ZkbTEP8Wb8', NULL, NULL, '2020-11-20 12:55:37', '2020-11-20 12:55:37');

--
-- Index pour les tables déchargées
--

--
-- Index pour la table `failed_jobs`
--
ALTER TABLE `failed_jobs`
  ADD PRIMARY KEY (`id`),
  ADD UNIQUE KEY `failed_jobs_uuid_unique` (`uuid`);

--
-- Index pour la table `migrations`
--
ALTER TABLE `migrations`
  ADD PRIMARY KEY (`id`);

--
-- Index pour la table `password_resets`
--
ALTER TABLE `password_resets`
  ADD KEY `password_resets_email_index` (`email`);

--
-- Index pour la table `personal_access_tokens`
--
ALTER TABLE `personal_access_tokens`
  ADD PRIMARY KEY (`id`),
  ADD UNIQUE KEY `personal_access_tokens_token_unique` (`token`),
  ADD KEY `personal_access_tokens_tokenable_type_tokenable_id_index` (`tokenable_type`,`tokenable_id`);

--
-- Index pour la table `sessions`
--
ALTER TABLE `sessions`
  ADD PRIMARY KEY (`id`),
  ADD KEY `sessions_user_id_index` (`user_id`),
  ADD KEY `sessions_last_activity_index` (`last_activity`);

--
-- Index pour la table `topics`
--
ALTER TABLE `topics`
  ADD PRIMARY KEY (`id`),
  ADD KEY `topics_user_id_foreign` (`user_id`);

--
-- Index pour la table `users`
--
ALTER TABLE `users`
  ADD PRIMARY KEY (`id`),
  ADD UNIQUE KEY `users_email_unique` (`email`);

--
-- AUTO_INCREMENT pour les tables déchargées
--

--
-- AUTO_INCREMENT pour la table `failed_jobs`
--
ALTER TABLE `failed_jobs`
  MODIFY `id` bigint UNSIGNED NOT NULL AUTO_INCREMENT;

--
-- AUTO_INCREMENT pour la table `migrations`
--
ALTER TABLE `migrations`
  MODIFY `id` int UNSIGNED NOT NULL AUTO_INCREMENT, AUTO_INCREMENT=8;

--
-- AUTO_INCREMENT pour la table `personal_access_tokens`
--
ALTER TABLE `personal_access_tokens`
  MODIFY `id` bigint UNSIGNED NOT NULL AUTO_INCREMENT, AUTO_INCREMENT=2;

--
-- AUTO_INCREMENT pour la table `topics`
--
ALTER TABLE `topics`
  MODIFY `id` bigint UNSIGNED NOT NULL AUTO_INCREMENT, AUTO_INCREMENT=47;

--
-- AUTO_INCREMENT pour la table `users`
--
ALTER TABLE `users`
  MODIFY `id` bigint UNSIGNED NOT NULL AUTO_INCREMENT, AUTO_INCREMENT=102;

--
-- Contraintes pour les tables déchargées
--

--
-- Contraintes pour la table `topics`
--
ALTER TABLE `topics`
  ADD CONSTRAINT `topics_user_id_foreign` FOREIGN KEY (`user_id`) REFERENCES `users` (`id`);
COMMIT;

/*!40101 SET CHARACTER_SET_CLIENT=@OLD_CHARACTER_SET_CLIENT */;
/*!40101 SET CHARACTER_SET_RESULTS=@OLD_CHARACTER_SET_RESULTS */;
/*!40101 SET COLLATION_CONNECTION=@OLD_COLLATION_CONNECTION */;
